{"icuROC": 0.8582636399840702, "primaryROC": 0.8378335324571884}