{"icuROC": 0.8404473438956198, "primaryROC": 0.8678873055727656, "survivalROC": 0.857566765578635, "survivalAlpha": 0.393}