{"icuROC": 0.8547373358348969, "primaryROC": 0.8352251407129456}