{"icuROC": 0.8527260018639329, "primaryROC": 0.8641047379919784, "survivalROC": 0.8516972641601722}