{"icuROC": 0.8633038210624417, "primaryROC": 0.8240680335507922}